select * from author
select * from category
select * from book_type
select * from book
select * from book_copy
select * from book_category_relation
select * from book_author_relation
select * from customer
select * from checkout;

DELETE FROM author
insert into author(author_id,name) values(1, 'Jane Austen');
insert into author(author_id,name) values(2, 'Charles Dickens');
insert into author(author_id,name) values(3, 'Mark Twain');
insert into author(author_id,name) values(4, 'Emily Bronte');
insert into author(author_id,name) values(5, 'F. Scott Fitzgerald');
insert into author(author_id,name) values(6, 'Ernest Hemingway');
insert into author(author_id,name) values(7, 'Agatha Christie');
insert into author(author_id,name) values(8, 'J.K. Rowling');
insert into author(author_id,name) values(9, 'Haruki Murakami');
insert into author(author_id,name) values(10, 'Gabriel Garcia Marquez');
insert into author(author_id,name) values(11, 'Toni Morrison');
insert into author(author_id,name) values(12, 'Stephen King');
insert into author(author_id,name) values(13, 'Virginia Woolf');
insert into author(author_id,name) values(14, 'Herman Melville');
insert into author(author_id,name) values(15, 'Leo Tolstoy');
insert into author(author_id,name) values(16, 'Franz Kafka');
insert into author(author_id,name) values(17, 'James Joyce');
insert into author(author_id,name) values(18, 'Charlotte Bronte');
insert into author(author_id,name) values(19, 'George Eliot');
insert into author(author_id,name) values(20, 'Edgar Allan Poe');
insert into author(author_id,name) values(21, 'Walt Whitman');
insert into author(author_id,name) values(22, 'Ralph Waldo Emerson');
insert into author(author_id,name) values(23, 'Henry David Thoreau');
insert into author(author_id,name) values(24, 'Nathaniel Hawthorne');
insert into author(author_id,name) values(25, 'Louisa May Alcott');
insert into author(author_id,name) values(26, 'H.G. Wells');
insert into author(author_id,name) values(27, 'Arthur Conan Doyle');
insert into author(author_id,name) values(28, 'Edith Wharton');
insert into author(author_id,name) values(29, 'Oscar Wilde');
insert into author(author_id,name) values(30, 'Robert Louis Stevenson');
insert into author(author_id,name) values(31, 'Lewis Carroll');
insert into author(author_id,name) values(32, 'Mary Shelley');
insert into author(author_id,name) values(33, 'Bram Stoker');
insert into author(author_id,name) values(34, 'Markus Zusak');
insert into author(author_id,name) values(35, 'Khaled Hosseini');
insert into author(author_id,name) values(36, 'Yann Martel');
insert into author(author_id,name) values(37, 'John Steinbeck');
insert into author(author_id,name) values(38, 'George Orwell');
insert into author(author_id,name) values(39, 'Aldous Huxley');
insert into author(author_id,name) values(40, 'J.R.R. Tolkien');
insert into author(author_id,name) values(41, 'C.S. Lewis');
insert into author(author_id,name) values(42, 'J.D. Salinger');
insert into author(author_id,name) values(43, 'Maya Angelou');
insert into author(author_id,name) values(44, 'William Faulkner');
insert into author(author_id,name) values(45, 'John Updike');
insert into author(author_id,name) values(46, 'Kurt Vonnegut');
insert into author(author_id,name) values(47, 'Jack Kerouac');
insert into author(author_id,name) values(48, 'Truman Capote');
insert into author(author_id,name) values(49, 'Sylvia Plath');
insert into author(author_id,name) values(50, 'T.S. Eliot');
insert into author(author_id,name) values(51, 'E.E. Cummings');
insert into author(author_id,name) values(52, 'S.E. Hinton');
insert into author(author_id,name) values(53, 'Margaret Atwood');
insert into author(author_id,name) values(54, 'Harper Lee');
insert into author(author_id,name) values(55, 'Albert Camus');
insert into author(author_id,name) values(56, 'Jean-Paul Sartre');
insert into author(author_id,name) values(57, 'Kazuo Ishiguro');
insert into author(author_id,name) values(58, 'Umberto Eco');
insert into author(author_id,name) values(59, 'Graham Greene');
insert into author(author_id,name) values(60, 'Ian McEwan');
insert into author(author_id,name) values(61, 'Salman Rushdie');
insert into author(author_id,name) values(62, 'Gunter Grass');
insert into author(author_id,name) values(63, 'Milan Kundera');
insert into author(author_id,name) values(64, 'Gabriel Garcia Lorca');
insert into author(author_id,name) values(65, 'Pablo Neruda');
insert into author(author_id,name) values(66, 'Octavio Paz');
insert into author(author_id,name) values(67, 'Jorge Luis Borges');
insert into author(author_id,name) values(68, 'Mario Vargas Llosa');
insert into author(author_id,name) values(69, 'Isabel Allende');
insert into author(author_id,name) values(70, 'Julio Cortazar');
insert into author(author_id,name) values(71, 'Alejo Carpentier');
insert into author(author_id,name) values(72, 'Carlos Fuentes');
insert into author(author_id,name) values(73, 'Octavia Butler');
insert into author(author_id,name) values(74, 'Ursula K. Le Guin');
insert into author(author_id,name) values(75, 'Ray Bradbury');
insert into author(author_id,name) values(76, 'Philip K. Dick');
insert into author(author_id,name) values(77, 'Robert A. Heinlein');
insert into author(author_id,name) values(78, 'Isaac Asimov');
insert into author(author_id,name) values(79, 'H.P. Lovecraft');
insert into author(author_id,name) values(80, 'Neil Gaiman');

insert into category(category_id ,category_name ) values(1, 'Fiction');
insert into category(category_id ,category_name ) values(2, 'Non-Fiction');
insert into category(category_id ,category_name ) values(3, 'Biography');
insert into category(category_id ,category_name ) values(4, 'Autobiography');
insert into category(category_id ,category_name ) values(5, 'History');
insert into category(category_id ,category_name ) values(6, 'Science');
insert into category(category_id ,category_name ) values(7, 'Philosophy');
insert into category(category_id ,category_name ) values(8, 'Religion');
insert into category(category_id ,category_name ) values(9, 'Politics');
insert into category(category_id ,category_name ) values(10, 'Business');
insert into category(category_id ,category_name ) values(11, 'Cooking');
insert into category(category_id ,category_name ) values(12, 'Travel');
insert into category(category_id ,category_name ) values(13, 'Art');
insert into category(category_id ,category_name ) values(14, 'Music');
insert into category(category_id ,category_name ) values(15, 'Sports');
insert into category(category_id ,category_name ) values(16, 'Technology');
insert into category(category_id ,category_name ) values(17, 'Self-Help');
insert into category(category_id ,category_name ) values(18, 'Romance');
insert into category(category_id ,category_name ) values(19, 'Mystery');
insert into category(category_id ,category_name ) values(20, 'Horror');
insert into category(category_id ,category_name ) values(21, 'Fantasy');
insert into category(category_id ,category_name ) values(22, 'Science Fiction');
insert into category(category_id ,category_name ) values(23, 'Poetry');
insert into category(category_id ,category_name ) values(24, 'Drama');
insert into category(category_id ,category_name ) values(25, 'Comics');
insert into category(category_id ,category_name ) values(26, 'Graphic Novels');
insert into category(category_id ,category_name ) values(27, 'Young Adult');
insert into category(category_id ,category_name ) values(28, 'Children');
insert into category(category_id ,category_name ) values(29, 'Reference');
insert into category(category_id ,category_name ) values(30, 'Medical');
insert into category(category_id ,category_name ) values(31, 'Psychology');
insert into category(category_id ,category_name ) values(32, 'Education');
insert into category(category_id ,category_name ) values(33, 'Sociology');
insert into category(category_id ,category_name ) values(34, 'Anthropology');
insert into category(category_id ,category_name ) values(35, 'Linguistics');
insert into category(category_id ,category_name ) values(36, 'Environmental Science');
insert into category(category_id ,category_name ) values(37, 'Geology');
insert into category(category_id ,category_name ) values(38, 'Astronomy');
insert into category(category_id ,category_name ) values(39, 'Mathematics');
insert into category(category_id ,category_name ) values(40, 'Physics');
insert into category(category_id ,category_name ) values(41, 'Chemistry');
insert into category(category_id ,category_name ) values(42, 'Biology');
insert into category(category_id ,category_name ) values(43, 'Engineering');
insert into category(category_id ,category_name ) values(44, 'Computer Science');
insert into category(category_id ,category_name ) values(45, 'Law');
insert into category(category_id ,category_name ) values(46, 'Economics');
insert into category(category_id ,category_name ) values(47, 'Marketing');
insert into category(category_id ,category_name ) values(48, 'Management');
insert into category(category_id ,category_name ) values(49, 'Finance');
insert into category(category_id ,category_name ) values(50, 'Accounting');
insert into category(category_id ,category_name ) values(51, 'Ethics');
insert into category(category_id ,category_name ) values(52, 'Culture');
insert into category(category_id ,category_name ) values(53, 'Fashion');
insert into category(category_id ,category_name ) values(54, 'Gardening');
insert into category(category_id ,category_name ) values(55, 'Pets');
insert into category(category_id ,category_name ) values(56, 'Parenting');
insert into category(category_id ,category_name ) values(57, 'Relationships');
insert into category(category_id ,category_name ) values(58, 'Humor');
insert into category(category_id ,category_name ) values(59, 'Memoir');
insert into category(category_id ,category_name ) values(60, 'True Crime');
insert into category(category_id ,category_name ) values(61, 'Spirituality');
insert into category(category_id ,category_name ) values(62, 'Travel Guides');
insert into category(category_id ,category_name ) values(63, 'Cycling');
insert into category(category_id ,category_name ) values(64, 'Hiking');
insert into category(category_id ,category_name ) values(65, 'Sailing');
insert into category(category_id ,category_name ) values(66, 'Fishing');
insert into category(category_id ,category_name ) values(67, 'Photography');
insert into category(category_id ,category_name ) values(68, 'Architecture');
insert into category(category_id ,category_name ) values(69, 'Interior Design');
insert into category(category_id ,category_name ) values(70, 'Fashion Design');



insert into book_type(book_type_id,book_type) values (1, 'For Children');
insert into book_type (book_type_id,book_type) values(2, 'For Adults');


insert into book (book_id, book_title, book_type_id, price) values(1, 'Pride and Prejudice', 2, 12.99);
insert into book(book_id,book_title,book_type_id,price) values(2, 'Oliver Twist', 2, 10.99);
insert into book(book_id,book_title,book_type_id,price) values(3, 'The Adventures of Tom Sawyer', 1, 2, 8.99);
insert into book(book_id,book_title,book_type_id,price) values(4, 'Wuthering Heights', 2, 9.99);
insert into book(book_id,book_title,book_type_id,price) values(5, 'The Great Gatsby', 2, 11.99);
insert into book(book_id,book_title,book_type_id,price) values(6, 'The Old Man and the Sea', 2, 7.99);
insert into book(book_id,book_title,book_type_id,price) values(7, 'Murder on the Orient Express', 2, 10.99);
insert into book(book_id,book_title,book_type_id,price) values(8, 'Harry Potter and the Philosophers Stone', 1, 14.99);
insert into book(book_id,book_title,book_type_id,price) values(9, 'Kafka on the Shore', 2, 13.99);
insert into book(book_id,book_title,book_type_id,price) values(10, 'One Hundred Years of Solitude', 2, 15.99);
insert into book(book_id,book_title,book_type_id,price) values(11, 'Beloved', 2, 12.99);
insert into book(book_id,book_title,book_type_id,price) values(12, 'The Shining', 2, 11.99);
insert into book(book_id,book_title,book_type_id,price) values(13, 'To the Lighthouse', 2, 9.99);
insert into book(book_id,book_title,book_type_id,price) values(14, 'Moby-Dick', 2, 12.99);
insert into book(book_id,book_title,book_type_id,price) values(15, 'War and Peace', 2, 19.99);
insert into book(book_id,book_title,book_type_id,price) values(16, 'The Metamorphosis', 2, 8.99);
insert into book(book_id,book_title,book_type_id,price) values(17, 'Ulysses', 2, 14.99);
insert into book(book_id,book_title,book_type_id,price) values(18, 'Jane Eyre', 2, 10.99);
insert into book(book_id,book_title,book_type_id,price) values(19, 'Middlemarch', 2, 11.99);
insert into book(book_id,book_title,book_type_id,price) values(20, 'The Fall of the House of Usher', 2, 8.99);
insert into book(book_id,book_title,book_type_id,price) values(21, 'Leaves of Grass', 2, 9.99);
insert into book(book_id,book_title,book_type_id,price) values(22, 'Nature', 2, 10.99);
insert into book(book_id,book_title,book_type_id,price) values(23, 'Walden', 2, 8.99);
insert into book(book_id,book_title,book_type_id,price) values(24, 'The Scarlet Letter', 2, 10.99);
insert into book(book_id,book_title,book_type_id,price) values(25, 'Little Women', 1, 12.99);
insert into book(book_id,book_title,book_type_id,price) values(26, 'The Time Machine', 2, 7.99);
insert into book(book_id,book_title,book_type_id,price) values(27, 'The Hound of the Baskervilles', 2, 9.99);
insert into book(book_id,book_title,book_type_id,price) values(28, 'The House of Mirth', 2, 11.99);
insert into book(book_id,book_title,book_type_id,price) values(29, 'The Picture of Dorian Gray', 2, 8.99);
insert into book(book_id,book_title,book_type_id,price) values(30, 'Treasure Island', 2, 9.99);
insert into book(book_id,book_title,book_type_id,price) values(31, 'Alices Adventures in Wonderland', 1, 6.99);
insert into book(book_id,book_title,book_type_id,price) values(32, 'Frankenstein', 2, 10.99);
insert into book(book_id,book_title,book_type_id,price) values(33, 'Dracula', 2, 9.99);
insert into book(book_id,book_title,book_type_id,price) values(34, 'The Book Thief', 2, 13.99);

select * from book_copy
insert into book_copy(unique_book_id,published_year,book_id,published_by,available) values(1, '2017-02-14', 12, 'Random House', 'Available');
insert into book_copy(unique_book_id,published_year,book_id,published_by,available) values(2, '2020-10-01', 24, 'Penguin Books', 'Available');
insert into book_copy(unique_book_id,published_year,book_id,published_by,available) values(3, '2019-06-30', 11, 'HarperCollins', 'Available');
insert into book_copy(unique_book_id,published_year,book_id,published_by,available) values(4, '2022-01-05', 21, 'Scholastic', 'Available');
insert into book_copy(unique_book_id,published_year,book_id,published_by,available) values(5, '2018-08-11', 14, 'Penguin Classics', 'Available');
insert into book_copy(unique_book_id,published_year,book_id,published_by,available) values(6, '2021-05-19', 8, 'Bloomsbury Publishing', 'Available');
insert into book_copy(unique_book_id,published_year,book_id,published_by,available) values(7, '2023-02-11', 16, 'Simon & Schuster', 'Available');
insert into book_copy(unique_book_id,published_year,book_id,published_by,available) values(8, '2016-12-25', 28, 'Vintage Classics', 'Available');
insert into book_copy(unique_book_id,published_year,book_id,published_by,available) values(9, '2017-07-07', 1, 'Penguin Random House', 'Available');
insert into book_copy(unique_book_id,published_year,book_id,published_by,available) values(10, '2021-11-02', 32, 'Penguin Classics', 'Available');
insert into book_copy(unique_book_id,published_year,book_id,published_by,available) values(11, '2019-09-14', 17, 'Sylvester & Orphanos', 'Available');
insert into book_copy(unique_book_id,published_year,book_id,published_by,available) values(12, '2020-06-20', 33, 'Bram Stoker Estate', 'Available');
insert into book_copy(unique_book_id,published_year,book_id,published_by,available) values(13, '2018-03-12', 30, 'Macmillan Publishers', 'Available');
insert into book_copy(unique_book_id,published_year,book_id,published_by,available) values(14, '2022-08-08', 29, 'Wordsworth Editions', 'Available');
insert into book_copy(unique_book_id,published_year,book_id,published_by,available) values(15, '2017-04-23', 3, 'Puffin Classics', 'Available');
insert into book_copy(unique_book_id,published_year,book_id,published_by,available) values(16, '2019-10-30', 1, 'Penguin Books', 'Available');
insert into book_copy(unique_book_id,published_year,book_id,published_by,available) values(17, '2023-01-08', 22, 'Dover Publications', 'Available');
insert into book_copy(unique_book_id,published_year,book_id,published_by,available) values(18, '2018-11-11', 19, 'Penguin Random House', 'Available');
insert into book_copy(unique_book_id,published_year,book_id,published_by,available) values(19, '2021-06-15', 26, 'Macmillan Publishers', 'Available');
insert into book_copy(unique_book_id,published_year,book_id,published_by,available) values(20, '2017-08-22', 31, 'Puffin Books', 'Available');
insert into book_copy(unique_book_id,published_year,book_id,published_by,available) values(21, '2020-12-19', 5, 'Simon & Schuster', 'Available');
insert into book_copy(unique_book_id,published_year,book_id,published_by,available) values(22, '2019-02-27', 3, 'Penguin Classics', 'Available');
insert into book_copy(unique_book_id,published_year,book_id,published_by,available) values(23, '2022-09-05', 27, 'Hachette Book Group', 'Available');
insert into book_copy(unique_book_id,published_year,book_id,published_by,available) values(24, '2016-10-07', 15, 'Vintage Classics', 'Available');
insert into book_copy(unique_book_id,published_year,book_id,published_by,available) values(25, '2017-12-02', 10, 'Penguin Random House', 'Available');
insert into book_copy(unique_book_id,published_year,book_id,published_by,available) values(26, '2021-08-09', 20, 'HarperCollins', 'Available');
insert into book_copy(unique_book_id,published_year,book_id,published_by,available) values(27, '2018-05-18', 20, 'Hachette Book Group', 'Available');
insert into book_copy(unique_book_id,published_year,book_id,published_by,available) values(28, '2023-03-02', 9, 'Vintage Books', 'Available');
insert into book_copy(unique_book_id,published_year,book_id,published_by,available) values(29, '2016-07-16', 13, 'W. W. Norton & Company', 'Available');
insert into book_copy(unique_book_id,published_year,book_id,published_by,available) values(30, '2019-04-26', 1, 'Hachette Book Group', 'Available');
insert into book_copy(unique_book_id,published_year,book_id,published_by,available) values(31, '2022-02-16', 18, 'Random House', 'Available');
insert into book_copy(unique_book_id,published_year,book_id,published_by,available) values(32, '2018-01-01', 5, 'Penguin Classics', 'Available');


insert into book_category_relation(book_id,category_id) values(1,1);
insert into book_category_relation(book_id,category_id) values(2,1);
insert into book_category_relation(book_id,category_id) values(3,1);
insert into book_category_relation(book_id,category_id) values(4,1);
insert into book_category_relation(book_id,category_id) values(5,1);
insert into book_category_relation(book_id,category_id) values(6,1);
insert into book_category_relation(book_id,category_id) values(7,19);
insert into book_category_relation(book_id,category_id) values(8,21);
insert into book_category_relation(book_id,category_id) values(9,1);
insert into book_category_relation(book_id,category_id) values(10,1 );
insert into book_category_relation(book_id,category_id) values(11,1 );
insert into book_category_relation(book_id,category_id) values(12,20);
insert into book_category_relation(book_id,category_id) values(13,1);
insert into book_category_relation(book_id,category_id) values(14,1);
insert into book_category_relation(book_id,category_id) values(15,5);
insert into book_category_relation(book_id,category_id) values(16,1);
insert into book_category_relation(book_id,category_id) values(17,1);
insert into book_category_relation(book_id,category_id) values(18,1);
insert into book_category_relation(book_id,category_id) values(19,2);
insert into book_category_relation(book_id,category_id) values(20,20);
insert into book_category_relation(book_id,category_id) values(21,1);
insert into book_category_relation(book_id,category_id) values(22,7);
insert into book_category_relation(book_id,category_id) values(23,2);
insert into book_category_relation(book_id,category_id) values(24,1);
insert into book_category_relation(book_id,category_id) values(25,1);
insert into book_category_relation(book_id,category_id) values(26,16);
insert into book_category_relation(book_id,category_id) values(27,19);
insert into book_category_relation(book_id,category_id) values(28,1);
insert into book_category_relation(book_id,category_id) values(29,18);
insert into book_category_relation(book_id,category_id) values(30,1);
insert into book_category_relation(book_id,category_id) values(31,1);
insert into book_category_relation(book_id,category_id) values(32,1);
insert into book_category_relation(book_id,category_id) values(33,20);
insert into book_category_relation(book_id,category_id) values(34,1);

insert into book_author_relation(book_id,author_id) values(1,1);
insert into book_author_relation(book_id,author_id) values(2,2);
insert into book_author_relation(book_id,author_id) values(3,3);
insert into book_author_relation(book_id,author_id) values(4,4);
insert into book_author_relation(book_id,author_id) values(5,5);
insert into book_author_relation(book_id,author_id) values(6,6);
insert into book_author_relation(book_id,author_id) values(7,7);
insert into book_author_relation(book_id,author_id) values(8,8);
insert into book_author_relation(book_id,author_id) values(9,9);
insert into book_author_relation(book_id,author_id) values(10,10);
insert into book_author_relation(book_id,author_id) values(11,11);
insert into book_author_relation(book_id,author_id) values(12,12);
insert into book_author_relation(book_id,author_id) values(13,13);
insert into book_author_relation(book_id,author_id) values(14,14);
insert into book_author_relation(book_id,author_id) values(15,15);
insert into book_author_relation(book_id,author_id) values(16,16);
insert into book_author_relation(book_id,author_id) values(17,17);
insert into book_author_relation(book_id,author_id) values(18,18);
insert into book_author_relation(book_id,author_id) values(19,19);
insert into book_author_relation(book_id,author_id) values(20,20);
insert into book_author_relation(book_id,author_id) values(21,21);
insert into book_author_relation(book_id,author_id) values(22,22);
insert into book_author_relation(book_id,author_id) values(23,23);
insert into book_author_relation(book_id,author_id) values(24,24);
insert into book_author_relation(book_id,author_id) values(25,25);
insert into book_author_relation(book_id,author_id) values(26,26);
insert into book_author_relation(book_id,author_id) values(27,27);
insert into book_author_relation(book_id,author_id) values(28,28);
insert into book_author_relation(book_id,author_id) values(29,29);
insert into book_author_relation(book_id,author_id) values(30,30);
insert into book_author_relation(book_id,author_id) values(31,31);
insert into book_author_relation(book_id,author_id) values(32,32);
insert into book_author_relation(book_id,author_id) values(33,33);
insert into book_author_relation(book_id,author_id) values(34,34);

insert into customer(customer_id_card_number,customer_first_name, customer_last_name, customer_age, customer_address, customer_email, customer_status) values(1, 'John', 'Doe', 35, '123 Main St', 'john.doe@gmail.com', 'Active');
insert into customer(customer_id_card_number,customer_first_name, customer_last_name, customer_age, customer_address, customer_email, customer_status) values(2, 'Jane', 'Smith', 28, '456 Elm St', 'jane.smith@hotmail.com', 'Active');
insert into customer(customer_id_card_number,customer_first_name, customer_last_name, customer_age, customer_address, customer_email, customer_status) values(3, 'Robert', 'Johnson', 42, '789 Oak Ave', 'robert.johnson@yahoo.com', 'Active');
insert into customer(customer_id_card_number,customer_first_name, customer_last_name, customer_age, customer_address, customer_email, customer_status) values(4, 'Emily', 'Davis', 23, '246 Pine St', 'emily.davis@gmail.com', 'Active');
insert into customer(customer_id_card_number,customer_first_name, customer_last_name, customer_age, customer_address, customer_email, customer_status) values(5, 'Michael', 'Wilson', 31, '369 Maple Rd', 'michael.wilson@gmail.com', 'Active');
insert into customer(customer_id_card_number,customer_first_name, customer_last_name, customer_age, customer_address, customer_email, customer_status) values(6, 'Sarah', 'Taylor', 26, '135 Cedar Ave', 'sarah.taylor@yahoo.com', 'Active');
insert into customer(customer_id_card_number,customer_first_name, customer_last_name, customer_age, customer_address, customer_email, customer_status) values(7, 'David', 'Clark', 39, '579 Birch Ln', 'david.clark@gmail.com', 'Active');
insert into customer(customer_id_card_number,customer_first_name, customer_last_name, customer_age, customer_address, customer_email, customer_status) values(8, 'Maria', 'Garcia', 48, '802 Walnut St', 'maria.garcia@hotmail.com', 'Active');
insert into customer(customer_id_card_number,customer_first_name, customer_last_name, customer_age, customer_address, customer_email, customer_status) values(9, 'Christopher', 'Jones', 29, '222 Cherry St', 'christopher.jones@gmail.com', 'Active');
insert into customer(customer_id_card_number,customer_first_name, customer_last_name, customer_age, customer_address, customer_email, customer_status) values(10, 'Elizabeth', 'Brown', 37, '444 Oak St', 'elizabeth.brown@yahoo.com', 'Active');
insert into customer(customer_id_card_number,customer_first_name, customer_last_name, customer_age, customer_address, customer_email, customer_status) values(11, 'William', 'Johnson', 41, '333 Maple Ave', 'william.johnson@gmail.com', 'Active');
insert into customer(customer_id_card_number,customer_first_name, customer_last_name, customer_age, customer_address, customer_email, customer_status) values(12, 'Amanda', 'Lee', 24, '111 Pine Rd', 'amanda.lee@hotmail.com', 'Active');
insert into customer(customer_id_card_number,customer_first_name, customer_last_name, customer_age, customer_address, customer_email, customer_status) values(13, 'Steven', 'Gonzalez', 30, '555 Elm St', 'steven.gonzalez@yahoo.com', 'Active');
insert into customer(customer_id_card_number,customer_first_name, customer_last_name, customer_age, customer_address, customer_email, customer_status) values(14, 'Jennifer', 'Martinez', 33, '777 Cedar Ln', 'jennifer.martinez@gmail.com', 'Active');
insert into customer(customer_id_card_number,customer_first_name, customer_last_name, customer_age, customer_address, customer_email, customer_status) values(15, 'Matthew', 'Taylor', 27, '888 Pine Ave', 'matthew.taylor@hotmail.com', 'Active');
insert into customer(customer_id_card_number,customer_first_name, customer_last_name, customer_age, customer_address, customer_email, customer_status) values(16, 'Jessica', 'Rodriguez', 25, '999 Oak St', 'jessica.rodriguez@yahoo.com', 'Active');
insert into customer(customer_id_card_number,customer_first_name, customer_last_name, customer_age, customer_address, customer_email, customer_status) values(17, 'Daniel', 'Anderson', 36, '777 Maple Rd', 'daniel.anderson@gmail.com', 'Active');
insert into customer(customer_id_card_number,customer_first_name, customer_last_name, customer_age, customer_address, customer_email, customer_status) values(18, 'Lauren', 'Wilson', 32, '666 Pine St', 'lauren.wilson@hotmail.com', 'Active');
insert into customer(customer_id_card_number,customer_first_name, customer_last_name, customer_age, customer_address, customer_email, customer_status) values(19, 'Ryan', 'Smith', 34, '555 Elm Ave', 'ryan.smith@yahoo.com', 'Active');
insert into customer(customer_id_card_number,customer_first_name, customer_last_name, customer_age, customer_address, customer_email, customer_status) values(20, 'Megan', 'Brown', 40, '444 Oak Rd', 'megan.brown@gmail.com', 'Active');

insert into checkout(checkout_id,issue_date,due_date, actual_return_date, fine, unique_book_id, customer_id_card_number) values(1, '2022-06-15', '2022-06-30', '2022-07-05', null, 5, 7);
insert into checkout(checkout_id,issue_date,due_date, actual_return_date, fine, unique_book_id, customer_id_card_number) values(2, '2022-09-01', '2022-09-30', '2022-10-03', null, 8, 4);
insert into checkout(checkout_id,issue_date,due_date, actual_return_date, fine, unique_book_id, customer_id_card_number) values(3, '2022-10-10', '2022-11-07', '2022-11-07', null, 1, 13);
insert into checkout(checkout_id,issue_date,due_date, actual_return_date, fine, unique_book_id, customer_id_card_number) values(4, '2022-08-08', '2022-08-22', '2022-08-22', null, 6, 19);
insert into checkout(checkout_id,issue_date,due_date, actual_return_date, fine, unique_book_id, customer_id_card_number) values(5, '2022-12-05', '2022-12-31', '2022-12-31', null, 3, 4);
insert into checkout(checkout_id,issue_date,due_date, actual_return_date, fine, unique_book_id, customer_id_card_number) values(6, '2023-02-20', '2023-03-20', '2023-04-1', null, 9, 19);
insert into checkout(checkout_id,issue_date,due_date, actual_return_date, fine, unique_book_id, customer_id_card_number) values(7, '2023-01-10', '2023-01-31', '2023-02-06', null, 2, 13);
insert into checkout(checkout_id,issue_date,due_date, actual_return_date, fine, unique_book_id, customer_id_card_number) values(8, '2022-07-01', '2022-07-31', '2022-07-31', null, 4, 7);
insert into checkout(checkout_id,issue_date,due_date, actual_return_date, fine, unique_book_id, customer_id_card_number) values(9, '2023-04-03', '2023-05-01', '2023-05-01', null, 10,4);
insert into checkout(checkout_id,issue_date,due_date, actual_return_date, fine, unique_book_id, customer_id_card_number) values(10, '2023-02-01', '2023-02-28', '2023-03-04', null, 7,7);